20세기 애니메이션의 마지막 걸작,https://www.youtube.com/watch?v=bMK3Xe6SKbI
람보는 사실 슬픈 영화다,https://www.youtube.com/watch?v=nPqU8XJxxNI
일본 만화가 위기를 맞은 이유,https://www.youtube.com/watch?v=-cleZf9cFkM
명절엔 왜 여자만 일해야할까?,https://www.youtube.com/watch?v=n34L3RcPz5U
노인을 위한 나라는 왜 없을까?,https://www.youtube.com/watch?v=ASX35eIjX8c
명작 영화 속에 숨겨진 소름 돋는 디테일들,https://www.youtube.com/watch?v=BWhdMCyr5pc
일본 혐한 시위대에게 참교육 시전한 무서운 형님들,https://www.youtube.com/watch?v=8PGisG5lCI8
인생의 기억 중 단 하나만 남길 수 있다면? : 원더풀 라이프,https://www.youtube.com/watch?v=4eFjiG-yZpc
'신과함께'를 일본에서 만든다면?,https://www.youtube.com/watch?v=YkN52RPd4YE
인랑 원작 스토리 요약,https://www.youtube.com/watch?v=tJqknDxgo2Y
일본 감성 충전시켜주는 영화 3편,https://www.youtube.com/watch?v=Vjx3mmNAf-U
인간관계가 고민일 때 보면 좋은 영화,https://www.youtube.com/watch?v=rDMmEHp8cIU
9개의 과거를 가진 118세의 노인,https://www.youtube.com/watch?v=ND199TsSTa8
픽사와 디즈니의 소름 돋는 디테일들,https://www.youtube.com/watch?v=mK1Wk84n_H0
마블의 소름 돋는 디테일들,https://www.youtube.com/watch?v=PjKPDGTy2Qs
한 뮤지션이 20년 동안 정산을 받지 못했을 때 벌어진 일,https://www.youtube.com/watch?v=MzfxY037-XA
인셉션의 모티브가 된 일본 애니메이션,https://www.youtube.com/watch?v=PjhXR9zRk5Y
극한직업 산불 소방관들의 실화를 다룬 영화,https://www.youtube.com/watch?v=rCBeRPJmdXI
연봉 3천만원에 결혼을 한다면 어떨까?,https://www.youtube.com/watch?v=P92iAFXE8Yg
마블이 DC를 이길 수밖에 없었던 이유,https://www.youtube.com/watch?v=ziaa82dFzVc
결혼을 안하면 동물로 만들어버리는 영화,https://www.youtube.com/watch?v=Rx5xWt2UZ0s
무명 아이돌이 자살을 선택한 이유,https://www.youtube.com/watch?v=3FCPYFv_BAs
유기견들의 공격을 받은 도시,https://www.youtube.com/watch?v=pZ_UBn9iMoM
키보드 워리어가 현실에 나와서 벌인 일,https://www.youtube.com/watch?v=0J5T1a36Z9s
에반게리온의 세계관과 메시지 해석,https://www.youtube.com/watch?v=5ZhO9wfAyzY
인터넷으로 결혼한 커플에게 벌어진 일,https://www.youtube.com/watch?v=RF0kI9N3LLI
새학기에 인싸되는 법 보여주는 영화,https://www.youtube.com/watch?v=L3GMnL0dX2M
나도 내 마음을 모르겠을 때 보면 좋은 영화,https://www.youtube.com/watch?v=ggc794S4AHM
현대판 마녀 사냥을 보여주는 영화,https://www.youtube.com/watch?v=de2BkLunX38
영화 《국가대표》가 따라하지 못했던 것,https://www.youtube.com/watch?v=gNUu9M1luX4
비트코인의 미래를 보여주는 영화,https://www.youtube.com/watch?v=jrFhsD3BfYw
너의 이름을 왜 기억해야 할까?,https://www.youtube.com/watch?v=ud20kpGrsLs
4천명을 희생시킨 실화에 대한 영화,https://www.youtube.com/watch?v=DWAesGAk9qI
놓치면 후회할 2017년의 영화들,https://www.youtube.com/watch?v=FIIowL9t3UE
마음이 정화되는 영화,https://www.youtube.com/watch?v=3eKq480V5ac
크리스마스에 애인 만드는 법 보여주는 영화,https://www.youtube.com/watch?v=ZiAI_rg0oQw
최소 10년은 앞서 나간 비운의 한국 애니메이션,https://www.youtube.com/watch?v=WYHIOjbG_w0
오타쿠들의 마음을 대변해주는 애니메이션,https://www.youtube.com/watch?v=k--2a6pp1M0
지뢰 제거에 전쟁 포로를 이용했던 실화에 대한 영화,https://www.youtube.com/watch?v=blQCo6rBDRQ
북한의 남파 간첩팀이 옆집 이웃이라면?,https://www.youtube.com/watch?v=zbxmoTayDMs
스나이퍼의 고뇌를 보여주는 영화,https://www.youtube.com/watch?v=pf7O6CFFV8s
세상의 모든 몬스터들이 한자리에 모인다면?,https://www.youtube.com/watch?v=dGx4Qv4Aecc
2주년이라서 한 번 켜보는 방송,https://www.youtube.com/watch?v=sUimYaaXNUM
왕이 광대에게 공연을 시킨 이유는 무엇이었을까,https://www.youtube.com/watch?v=WFGx9cFUF64
자살 이후 되살아난 중학생에게 벌어진 일들,https://www.youtube.com/watch?v=p09h2Y7Nj_M
'블레이드 러너' 원작 요약 및 리뷰,https://www.youtube.com/watch?v=M2aRK1SMQes
평균 이상의 덕력을 가진 자만이 이해할 수 있는 드라마,https://www.youtube.com/watch?v=ECMZo-3bOXg
킹스맨 감독이 만든 판타지 영화,https://www.youtube.com/watch?v=KlAC1ADVxgM
혼자가 편하게 느껴질 때 : 디태치먼트,https://www.youtube.com/watch?v=3lbIeMr3bX8
한국 애니메이션계의 숨겨진 명작,https://www.youtube.com/watch?v=5PbjfZX2gh8
매일 밤 괴물을 불러내는 아이,https://www.youtube.com/watch?v=z3adY2R-8EE
공포영화는 왜 갈수록 줄어들고 있을까?,https://www.youtube.com/watch?v=8rkMpbMTmuI
인간을 사랑한 좀비,https://www.youtube.com/watch?v=QqNLOMTRBps
목소리의 형태 리뷰 및 의미 해석,https://www.youtube.com/watch?v=HbNx3FBdAYw
덩케르크에 대사가 별로 없는 이유,https://www.youtube.com/watch?v=l8DCDfuQXF8
여름에 보기 좋은 일본 여름 영화 3편 추천,https://www.youtube.com/watch?v=hbl-Yj2gYcU
어버이연합 회원과 일베 유저가 주인공인 영화,https://www.youtube.com/watch?v=GZB7dNud8S8
스타크래프트 실사 영화로 오해받았던 이 영화의 비밀,https://www.youtube.com/watch?v=TMSw--WskxY
귀여운 월-E가 던지는 묵직한 메시지,https://www.youtube.com/watch?v=yhsmU2YW7T4
16세 소년이 벌인 살인극의 전말 : 케빈에 대하여,https://www.youtube.com/watch?v=rBGbAdl-m_k
목숨을 건 예술 : 하늘을 걷는 남자,https://www.youtube.com/watch?v=ecFu6Wdusbk
옥자의 배경은 왜 뉴욕일까,https://www.youtube.com/watch?v=Bscy808Oyek
픽사 덕후들은 꼭 가봐야하는 곳,https://www.youtube.com/watch?v=LAwFwu2Vuys
최소 300만은 봤어야 할 한국영화,https://www.youtube.com/watch?v=WsKMvsO3xtY
FBI 요원의 심리를 보여주는 영화,https://www.youtube.com/watch?v=zhJVjbT4vio
"어른들을 위한 잔혹동화, 판의 미로",https://www.youtube.com/watch?v=izN1BaOrHik
픽사 덕후들은 꼭 봐야하는 영상,https://www.youtube.com/watch?v=LBM_nHLtncA
일본 시골 마을에 혼자 여행갔는데 로맨스가 생긴다면?,https://www.youtube.com/watch?v=Jz0FRk244lY
공각기동대 : 원작 애니메이션의 결말 해석,https://www.youtube.com/watch?v=UmVrQuM3uNM
"혁명을 외치는 동생과, 현실적인 변화를 말하는 형에 대한 영화",https://www.youtube.com/watch?v=CxAfKmdLHnQ
"이제 현실이 된, 내부자들의 이야기",https://www.youtube.com/watch?v=8yywRJSEL7Y
대학에 다 떨어져서 대학을 하나 만들어버리는 영화,https://www.youtube.com/watch?v=nWJLolqsWo8
한강의 얼음에 감춰져있던 시체가 떠오른다 : 해빙,https://www.youtube.com/watch?v=zC0PaRyD1Yw
[골방콘서트] '라라랜드' OST를 불러보자,https://www.youtube.com/watch?v=ODFxVf69MqI
살인의 추억 : 박두만이 마지막에 바라본건 정말 범인이었을까,https://www.youtube.com/watch?v=PO_DZtI-a-c
가오나시는 왜 얼굴이 없을까?,https://www.youtube.com/watch?v=PPVtWvQHMIo
엘사는 올라프를 왜 만들었을까?,https://www.youtube.com/watch?v=2iIp5MLbpi4
심야식당 : 음식컨텐츠에 필수인 '00'가 심야식당에 없는 이유,https://www.youtube.com/watch?v=qzEiI3pVzQA
[골방라이브] 영화 유튜버는 어떻게 되나요? 라는 질문에 대해,https://www.youtube.com/watch?v=2YNSkZR9Rnc
'언어의 정원'을 이해하는 가이드 영상,https://www.youtube.com/watch?v=DkWSA8CkckY
너의 이름은. - 작품의 두 가지 테마 해설,https://www.youtube.com/watch?v=KuWWq2BXfLE
내 어깨위 고양이 밥 : 집사들을 위한 새해 힐링 무비,https://www.youtube.com/watch?v=PKjuD8rbOYI
커플 파괴하는 영화 3편 추천,https://www.youtube.com/watch?v=4KKVYvRMgvk
[off the 골방] 05. 모노노케 히메 - 어째서 아시타카를 중심으로 이야기가 전개되는걸까?,https://www.youtube.com/watch?v=RQtZMs4wTxY
주토피아에 숨겨진 의미,https://www.youtube.com/watch?v=z1yu4l3qeQM
그녀 : 아름다운 색감에는 어떤 의미가 있을까,https://www.youtube.com/watch?v=saQUglS6whA
12월 10일 초속 5cm 배부 이벤트 공지,https://www.youtube.com/watch?v=n6pA-3AJqmM
원령공주 : 3가지 키워드로 다시 보기,https://www.youtube.com/watch?v=CR-w_zT623M
광해 : 어느 쪽이 진짜 가짜일까,https://www.youtube.com/watch?v=n5kXxrs_03o
검은 사제들 : 강동원은 왜 퇴마사가 되었을까?,https://www.youtube.com/watch?v=UBRV8OevVtA
[off the 골방] 04. 추격자 - 성매매 여성 '미진'에 대한 이야기,https://www.youtube.com/watch?v=jMXnbMf9qZo
자괴감 들고 괴로울 때 보면 좋은 영화 3편 추천,https://www.youtube.com/watch?v=AJw9muz5bds
쓸쓸한 가을에 보기 좋은 영화 4편 [백수골방],https://www.youtube.com/watch?v=Zuqla57F4Ow
백수골방 1주년 기념 생방송,https://www.youtube.com/watch?v=U7UpgtwK0xI
인셉션 : 결말에 대한 해설,https://www.youtube.com/watch?v=OG4AtMfqsoE
[명장면 다시 보기] 브이 포 벤데타,https://www.youtube.com/watch?v=r9autBEFIqE
베를린의 배경은 왜 베를린일까 [백수골방],https://www.youtube.com/watch?v=Sku0cUsHpnY
드래곤 길들이기가 주는 또 하나의 메시지 [백수골방],https://www.youtube.com/watch?v=Dg81fD1nufU
괴물의 아이 : 고래의 의미는 무엇이었을까?,https://www.youtube.com/watch?v=Brl96EVxixI
매트릭스에 담긴 철학적 메시지,https://www.youtube.com/watch?v=9aMOdoPxVsc
★골방대방출★ 초속 5cm 포스터를 드립니다,https://www.youtube.com/watch?v=qEt6U-8l7M4
베테랑 : 조태오는 어떻게 악마가 되었나,https://www.youtube.com/watch?v=KbftWDRbl7g
라푼젤 : 새로운 공주는 언제나 환영이야,https://www.youtube.com/watch?v=8wv9QH1l5r4
보고만 있어도 힐링되는 일본 음식 영화 4편 추천,https://www.youtube.com/watch?v=FY5qh2FD0u0
주먹왕 랄프 : 아웃사이더라도 괜찮아,https://www.youtube.com/watch?v=XWMXOrIHNaU
킹스맨에 숨겨진 이야기,https://www.youtube.com/watch?v=xBioXseqkwM
[off the 골방] 공개방송에 어서오세요!,https://www.youtube.com/watch?v=-b-y_XHQxhE
미야자키 하야오가 일제강점기를 미화했다? : 은퇴작 [바람이 분다] 전쟁 미화 논란에 대하여,https://www.youtube.com/watch?v=kOkehAEmU_g
터널 : 보통의 재난 영화와 무엇이 다른가,https://www.youtube.com/watch?v=DX7qalJmNMw
그랜드 부다페스트 호텔 : 참 좋은 여행이었어,https://www.youtube.com/watch?v=cDe0J5gsdoA
토이스토리 : 어른들을 위한 픽사의 첫번째 이야기,https://www.youtube.com/watch?v=abjl8RUuM-8
"[off the 골방] 02. 초속 5cm와 신카이 마코토, 지브리 스튜디오, 광고에 대하여",https://www.youtube.com/watch?v=m3gXWm9JAqU
초속 5cm의 의미를 이해하는 가이드 영상,https://www.youtube.com/watch?v=_VVOTV4b22k
범죄와의 전쟁 : 나쁜 놈들의 전성시대는 끝나지 않았다,https://www.youtube.com/watch?v=PM0lwutvLds
[off the 골방] 01. 왜 우리는 라퓨타를 보면서 '그리움'을 느낄까?,https://www.youtube.com/watch?v=KsvdlC13bIo
니모를 찾아서 : 도리는 또 왜 찾아야 하는걸까?,https://www.youtube.com/watch?v=SDdOurL1A4M
'김복남 살인사건의 전말'에 담긴 메시지,https://www.youtube.com/watch?v=4MdA6WsHVdo
'추격자'로 살펴 본 '곡성' 나홍진 감독의 연출 공식,https://www.youtube.com/watch?v=zdZ2OophXv4
천공의 성 라퓨타 : 미야자키 하야오가 꿈꾸었던 것들,https://www.youtube.com/watch?v=Bqj7f9_yjpo
*영화 관람 이벤트* 백수골방과 영화 관람,https://www.youtube.com/watch?v=g9VtWDUHUXU
매드맥스 : 액션으로 페미니즘을 완성하는 방법,https://www.youtube.com/watch?v=YbHhB21WijI
괴물 : 괴물은 왜 한강에 나타났을까?,https://www.youtube.com/watch?v=qFgZnq_Uk1w
인사이드 아웃 : 기쁨이의 머리 색깔은 왜 파란색일까?,https://www.youtube.com/watch?v=U92VTT0yc0o
"조제, 호랑이 그리고 물고기들 : 제목의 의미",https://www.youtube.com/watch?v=R-owoDoBEKw
설국열차 : 꼬리칸의 혁명과 북극곰에 대하여,https://www.youtube.com/watch?v=kO71RHEqkWE
러브레터 : 남겨진 사람들의 이야기,https://www.youtube.com/watch?v=9qLnuJnY-L0
다크나이트 : 조커가 최강의 악당인 이유,https://www.youtube.com/watch?v=2XMMCbI6W1E
센과 치히로의 행방불명 : 5가지 키워드로 다시 보기 (2 of 2),https://www.youtube.com/watch?v=3UzKKfqI5dQ
센과 치히로의 행방불명 : 5가지 키워드로 다시 보기 (1 of 2),https://www.youtube.com/watch?v=t03OjGSWj5M
500일의 썸머 : 썸머는 정말 나쁜년(bitch)이었을까,https://www.youtube.com/watch?v=CcZtQBFy_OQ
늑대아이에 숨겨진 의미들,https://www.youtube.com/watch?v=T9J7hnydzEw
신세계 : 이자성(이정재)의 행동에 담긴 의미들,https://www.youtube.com/watch?v=w1sW_0rrhSk
신세계 : 강과장과 정청에 대하여,https://www.youtube.com/watch?v=H7yfFLRfwOM
인공지능은 세상을 지배하게 될까?,https://www.youtube.com/watch?v=Ffs1ZBa2skE
아이언맨 : 토니 스타크가 이길 수 없는 적은?,https://www.youtube.com/watch?v=2xhXTk0GW5A
건축학개론 : 서연은 왜 집을 지어달라고 했을까?,https://www.youtube.com/watch?v=tOp5_OfDuOU
이터널 선샤인에는 왜 니체가 나올까?,https://www.youtube.com/watch?v=kOLzoecSxT8
하울의 움직이는 성 : 소피는 어떻게 다시 소녀가 될 수 있었을까?,https://www.youtube.com/watch?v=EeuT7A1YDF8
하울은 왜 움직이는 성에서 살까?,https://www.youtube.com/watch?v=Y-7tpgOmHUA
시간을 달리는 소녀에 숨겨진 의미들,https://www.youtube.com/watch?v=V1T4RTtUbbg